actual_latency_ms,predicted_latency_ms,error_ms,error_percentage
250.323931177463,260.0217912038089,-9.697860026345893,-3.874124212067745
168.18684387364902,163.59243574746134,4.5944081261876875,2.731728606334544
215.94853933610165,215.97535681693589,-0.026817480834239404,-0.012418459007264114
227.33378164038473,228.9362605365458,-1.6024788961610739,-0.704901350163614
214.21088183936828,231.04330560964408,-16.832423770275796,-7.857875204910475
217.78739350523708,206.95325989961464,10.83413360562244,4.974637618481767
175.2262500016074,180.14555941389915,-4.919309412291739,-2.807404377053445
253.6293610812785,244.54203558928037,9.087325491998115,3.5829154216439383
209.36632685193203,243.27622994161555,-33.909903089683525,-16.19644553140834
185.0134128595391,191.29733161708958,-6.283918757550481,-3.3964665914904173
256.9903054976706,265.03842782068324,-8.048122323012649,-3.131683238956109
274.3379988406129,247.31416992865945,27.023828911953444,9.85055990280587
278.2353283185076,270.34265140259095,7.892676915916638,2.836691143290604
290.1268827189065,305.61623806863145,-15.489355349724974,-5.338821140794476
188.68506749721337,175.5166355670635,13.168431930149865,6.979053565192352
272.5386632706838,263.0074084058035,9.531254864880282,3.497212010397914
170.14220868620166,159.44323770576295,10.698970980438702,6.2882520822161965
307.8514669722082,313.0655612643945,-5.214094292186303,-1.693704546373662
228.2960964011648,188.08105906967873,40.21503733148606,17.615297837077197
167.36031020511734,179.3971937960721,-12.036883590954744,-7.192197227767026
153.71617738050082,157.10840443784298,-3.3922270573421542,-2.206812005834114
180.06420153626513,182.35124971653295,-2.287048180267817,-1.270129298747482
264.68836944867866,265.52204166049665,-0.8336722118179978,-0.31496367352840615
220.60604600844732,215.35181805211386,5.254227956333466,2.3817243685752265
225.68393407936728,210.48861054977505,15.19532352959223,6.7330107442421765
254.51912655018617,264.8799316198885,-10.360805069702337,-4.070737319483685
221.52704740751284,224.3498075750222,-2.822760167509358,-1.2742282265500133
303.90880557809004,276.6530342925883,27.255771285501737,8.968404595469448
251.24763727697035,236.84946661819174,14.39817065877861,5.730669078056386
130.62641995294842,153.75665657519366,-23.130236622245235,-17.707165694793392
254.5688407102459,243.2837787072705,11.285062002975394,4.433009936129702
122.12301691929952,129.82829699699911,-7.705280077699598,-6.309441309324472
289.74814512285326,285.59267635416364,4.155468768689616,1.4341657879907037
246.68529406767405,249.214550836129,-2.5292567684549567,-1.0252969387632391
283.64062336336616,264.53352819039486,19.1070951729713,6.736374693583151
221.94857677458745,217.1942513367534,4.754325437834041,2.1420842192029768
275.8970617802082,266.9202747790894,8.976787001118794,3.253672562946719
132.5572020905322,135.5816206906828,-3.0244186001505966,-2.281595079296422
125.04806205800986,137.57232575546868,-12.52426369745882,-10.015560010557227
216.29304946707296,201.98399581639543,14.309053650677527,6.615586439755589
223.95134109712552,223.47438329960517,0.47695779752035605,0.2129738519018308
284.51895332557433,270.09066488373116,14.428288441843165,5.071116800198864
250.80334351934016,241.38708005332674,9.416263466013419,3.754440963139434
130.9063651834736,139.28763311125715,-8.38126792778354,-6.402490754392774
232.73878119121895,230.94055017984954,1.7982310113694098,0.7726391803573025
253.95363567127248,252.45015364134568,1.5034820299268006,0.5920301262679959
178.67343549333614,173.74680854095513,4.926626952381014,2.7573359961306383
252.11215861051824,240.58100501248168,11.531153598036553,4.573818915195893
319.6617298994713,230.23242558412244,89.42930431534887,27.976231106386436
289.2997515672609,290.0890487383702,-0.7892971711092969,-0.27283022775973204
202.46693725954964,198.66827504552776,3.798662214021874,1.8761889054271774
216.94400143322449,238.7250346848557,-21.781033251631214,-10.039933396515428
228.99665628787116,222.40842654256397,6.5882297453071885,2.8769982287536724
215.313897464878,242.71942136317622,-27.405523898298213,-12.728172320028067
269.7427900356977,282.6446062133357,-12.901816177638011,-4.783006869592544
204.4716545654588,229.85578506508165,-25.38413049962284,-12.414498505217729
158.86701583446057,143.84790619821555,15.01910963624502,9.453887930956625
242.42716970396097,260.0328029724002,-17.60563326843922,-7.262236031521663
136.11561652750157,155.22779165472159,-19.112175127220013,-14.041133276840782
170.46115819670692,178.0225053739615,-7.561347177254589,-4.435818257511208
243.18156060039476,270.6758782796866,-27.49431767929181,-11.306086535266349
269.003144310986,273.06128974249094,-4.058145431504954,-1.5085866159294632
184.6954726064185,202.48271141539618,-17.78723880897769,-9.630576514932695
179.2740672792669,195.27541702408678,-16.00134974481989,-8.925635474032921
193.46097420279435,177.71137901575818,15.749595187036164,8.14096757857052
238.67238414181256,226.74114437053169,11.931239771280872,4.9990030535714
291.2012098092626,290.8065978902752,0.3946119189873798,0.13551177182466084
128.23844730309975,143.48681986376326,-15.248372560663512,-11.890640351113275
241.41038039917035,245.67825269472345,-4.267872295553104,-1.7678909616463914
192.6974097353086,203.66409551616107,-10.966685780852458,-5.69114332980211
284.6725812466662,274.5714098183803,10.101171428285909,3.5483471516820706
192.8128442388407,186.41357786604124,6.399266372799474,3.318900459179259
256.2462102611098,251.8310756624811,4.415134598628697,1.7230048374685276
305.3815525708281,306.95151725199116,-1.5699646811630714,-0.5140993841790573
156.46555704193833,181.99966961837276,-25.53411257643444,-16.31931848719293
204.0287311659813,208.62430809484948,-4.595576928868184,-2.2524165604547104
154.0075981468715,155.00103204306563,-0.9934338961941478,-0.6450551194537466
226.41323736994912,234.900251820826,-8.487014450876899,-3.7484621259177953
190.79445860012743,198.23433797582072,-7.439879375693295,-3.899421099690327
243.64421313722593,232.6583816053186,10.985831531907337,4.508964686848469
187.8137312030724,167.4558339557103,20.357897247362104,10.839408341954645
151.7702996449463,184.48789938693469,-32.71759974198838,-21.557313794944346
163.45456524239663,187.53458428722013,-24.0800190448235,-14.731934228397837
211.44066970679023,210.59323196971204,0.8474377370781951,0.4007922119492703
176.90982484624172,187.2484742399032,-10.338649393661484,-5.844022174939776
275.0644315676176,274.78145430079013,0.2829772668274586,0.1028767206340511
153.7393775247561,171.51652101686432,-17.777143492108223,-11.563168641843651
233.6135979013825,250.46821625936545,-16.854618357982957,-7.21474199678135
221.72985611205817,222.03085866942484,-0.30100255736667236,-0.13575192923705828
226.58959983204505,222.61962091702685,3.9699789150182028,1.7520569867111595
273.54608814373114,271.8004940058761,1.7455941378550506,0.6381352954818537
182.34878080098133,195.72901256878015,-13.380231767798819,-7.337713862974625
317.20274436653295,298.5292351642563,18.673509202276648,5.8869317917057815
215.3120107154408,208.70162985593856,6.610380859502243,3.070140322194385
237.86162469627857,247.22362948335874,-9.362004787080167,-3.9359038260309327
187.2420753453652,187.4836009958196,-0.24152565045437768,-0.12899112018967276
238.85232250694057,244.9247509362952,-6.0724284293546305,-2.542335936121441
289.3803041636328,287.00153365564796,2.378770507984825,0.822022257133204
172.5702601754679,183.79446255921852,-11.224202383750622,-6.504134821572357
235.64476828449708,235.93695720727194,-0.2921889227748693,-0.12399550599065526
291.77175450432674,265.66610708089087,26.10564742343587,8.947283971262113
253.45975317681328,257.39009950500525,-3.9303463281919733,-1.5506786694651942
194.78833095524584,206.84000087291565,-12.051669917669813,-6.1870594909706265
295.1001289108156,304.941198453506,-9.841069542690377,-3.3348238711425706
262.1917604591659,238.3605146274388,23.831245831727102,9.089242846530492
124.12895083616748,134.77935401953076,-10.65040318336328,-8.580112142750885
263.38289536220395,242.88583264990774,20.497062712296213,7.78223000552434
130.29037961808717,159.53019633214797,-29.239816714060794,-22.442038161044444
159.30958693896991,158.83646738276894,0.47311955620097024,0.2969812208365201
245.42552649623076,242.42157811054466,3.003948385686101,1.2239755287770506
203.8245488343936,231.53003254089856,-27.705483706504964,-13.592810024574383
319.2285197243629,297.40672050901264,21.821799215350268,6.835792501933176
266.2219933969145,264.11285527167774,2.1091381252367682,0.792247889937561
146.45458941454947,165.66924263707145,-19.214653222521974,-13.11987101212214
167.1526363599933,160.57636240266572,6.576273957327572,3.934292692317686
226.2194683548321,227.62109438337197,-1.40162602853988,-0.6195868281068485
223.23457490841793,219.28217018118943,3.9524047272284974,1.7705163856673964
203.9355174136552,199.60406098065556,4.33145643299963,2.1239343141066818
157.24312849308802,172.25811705377174,-15.014988560683719,-9.5488996591312
258.56133813828717,271.4665886867174,-12.905250548430217,-4.991175649596948
238.92421275424783,222.7667708746954,16.157441879552437,6.762580356881462
267.4227822032438,252.71361430787135,14.709167895372445,5.500342107798931
207.7603282765527,201.78826103595978,5.972067240592935,2.8744983655606435
174.19480673309556,197.9587488135559,-23.76394208046034,-13.642164497401971
188.2015191792699,187.34203254834208,0.8594866309278189,0.45668421523692465
246.475729124997,291.49872465897914,-45.02299553398214,-18.26670548610054
226.82386169878697,216.7401003006483,10.083761398138677,4.445635182567127
245.047906330391,231.06741953686148,13.980486793529508,5.705205566898426
191.46579834453755,190.77523277792764,0.6905655666099051,0.3606730667203816
135.72499159623464,151.62054360190416,-15.895552005669515,-11.711588130325216
240.28731312088453,238.96103947938823,1.3262736414963001,0.5519532530746115
231.4343637762617,224.24178474248038,7.192579033781328,3.107826736022109
177.99322730362013,200.71248652642095,-22.719259222800815,-12.764114436807416
180.68173272218792,172.4189199879994,8.262812734188515,4.573131223449814
185.64467703180884,191.82078189575725,-6.17610486394841,-3.326841880249645
242.31636597666883,226.80523024477384,15.511135731894996,6.401191958032445
201.7694125135574,213.3494999270224,-11.580087413465009,-5.739268043260479
172.92832172268209,186.3276621477071,-13.399340425025002,-7.748493879743402
198.4382919420885,192.57452301329772,5.86376892879079,2.9549583759277924
234.52022691984112,242.38537640926378,-7.865149489422663,-3.3537190342694694
181.57846175880607,179.10017999633965,2.4782817624664233,1.3648544758344574
202.12829430739163,225.6151214640523,-23.486827156660667,-11.619762209511594
274.72901017972265,258.2737356867252,16.455274492997432,5.989638474012153
293.215010167024,290.32065311055436,2.89435705646963,0.9871108081475497
232.7664777948028,239.88428599029857,-7.117808195495769,-3.057918074341672
245.80229164002333,249.13612228610162,-3.3338306460782974,-1.3563057625844601
204.27513818926133,207.826399268643,-3.551261079381675,-1.7384695518313267
259.57592799987725,234.3043814370223,25.27154656285495,9.735704985273866
297.1974201508864,293.51077394917417,3.6866462017122217,1.2404704589429212
246.74782622662252,288.05686799795075,-41.309041771328225,-16.741400482851038
174.0563834898009,177.59892214000146,-3.542538650200555,-2.0352822339366456
224.93517346628252,254.55244742622384,-29.617273959941315,-13.167026527481218
314.7164840031552,281.85364301976443,32.862840983390754,10.442046303193095
104.86180653319424,131.2592024509837,-26.397395917789467,-25.17350863055493
208.95785796879625,208.03931501848973,0.9185429503065166,0.4395828705535845
340.6119919052953,294.2586765937061,46.3533153115892,13.608832458393714
266.23133317216326,290.20758115068315,-23.976247978519893,-9.005794957656327
209.49507337845273,204.76479948323092,4.7302738952218135,2.257940398758961
139.27296161639094,143.098876931759,-3.8259153153680643,-2.7470625101705273
307.60519340721316,296.1804863989128,11.424707008300345,3.7140813136974953
216.3818077551189,188.51547055696537,27.86633719815353,12.878317954386487
143.12261160860496,159.69866725417086,-16.5760556455659,-11.581716864485514
178.58834858119377,182.48614022604875,-3.8977916448549763,-2.1825565194041068
193.6539355473397,204.50960612116657,-10.85567057382687,-5.605706149552094
223.9200234959917,236.64303792818987,-12.72301443219817,-5.6819458276030055
283.15637897661964,303.2841936980038,-20.12781472138414,-7.108374105548972
275.10145227135985,240.91091396104784,34.19053831031201,12.42833799240961
198.28494441210063,197.79913796244583,0.48580644965480246,0.2450042039728133
154.7130146702707,158.79818268393603,-4.0851680136653385,-2.640481165965112
194.20645104809205,199.75469748191807,-5.548246433826023,-2.85688060508973
191.89950077808032,187.4734116436843,4.4260891343960225,2.306462036873413
210.2032078630225,218.7436078351435,-8.540399972121008,-4.062925613241022
196.7348607670094,204.84967552903097,-8.114814762021581,-4.124746743095955
172.92726351325675,153.64036780809894,19.286895705157804,11.153183895539556
143.06129637440685,156.4550302181801,-13.393733843773248,-9.362234359124217
245.94308452230413,229.1680099812219,16.775074541082233,6.820714058158822
233.24612419815392,223.80858271351826,9.43754148463566,4.046172907301134
249.2853098481088,240.5725813613487,8.712728486760085,3.4950830003054767
217.43199710436127,235.83495956665863,-18.402962462297353,-8.463778426072427
262.0401289922763,255.81111492939846,6.229014062877866,2.3771221937772236
195.4346051102128,188.8125763820245,6.6220287281882975,3.388360379910145
204.3878703832876,213.55948113633886,-9.171610753051255,-4.487355700635158
287.12953258663566,269.8958599177647,17.233672668870952,6.0020550702742606
259.27859994283597,264.2940252746991,-5.015425331863128,-1.9343768953430385
246.87856928437947,244.78560437476307,2.0929649096163985,0.8477709975731073
233.3769878609367,238.00264252373748,-4.62565466280077,-1.982052603042883
275.7401090676867,285.92908711257536,-10.188978044888643,-3.6951381789681985
188.97903610805147,185.89641154717054,3.08262456088093,1.6311992189008708
187.33236804821445,194.03530984912854,-6.70294180091409,-3.578101248999814
293.5933943410285,270.72953984000037,22.86385450102813,7.787591594949246
196.74757703837025,216.6401721002766,-19.89259506190635,-10.110719207498468
242.62006919419085,273.1783292933873,-30.558260099196474,-12.595108146118747
111.53348784727768,118.07530058141361,-6.541812734135931,-5.865335031119628
252.26533649893315,251.07642641970986,1.188910079223291,0.47129347841585795
244.93104216118235,228.56970372520468,16.36133843597767,6.679977471051108
131.93589819381916,146.60849096391752,-14.672592770098362,-11.12100116114246
265.4870644736848,256.40477195524824,9.082292518436589,3.420992482794516
271.89630783683543,258.2421350839204,13.65417275291503,5.021830881612735
199.914195884862,204.56013416632635,-4.645938281464339,-2.3239661700363223
127.47946476801788,124.4380710817753,3.0413936862425714,2.3857910697830276
217.33564127650223,220.30210105186507,-2.9664597753628357,-1.3649209848599102
276.13425443260553,266.59485131666565,9.539403115939876,3.4546250466249573
283.54273006215016,281.28924066203905,2.253489400111107,0.7947618334693898
178.63478249470973,192.28457417517683,-13.649791680467104,-7.641172390864775
214.9887127732492,207.45583976315248,7.532873010096722,3.503845812613297
161.7722814182686,163.78771529592487,-2.015433877656278,-1.2458462352059525
274.37248731391793,263.77964273606864,10.592844577849291,3.860753197797742
186.15865498824976,194.2378589157834,-8.079203927533626,-4.33995611326456
144.3726191202243,154.02910569826875,-9.65648657804445,-6.6885858529747555
216.8676492113309,205.62813913610913,11.239510075221773,5.182658693491538
266.23170885884025,262.689919946374,3.541788912466245,1.3303407500359588
282.8852266268929,279.7638875582545,3.121339068638406,1.103394159481947
136.77359090401086,181.5075724764589,-44.733981572448045,-32.70659290055697
271.8569323312168,263.80752668976095,8.049405641455849,2.9608976943978966
318.8380952022663,277.27618898143953,41.56190622082676,13.035426709114068
182.59347200143105,190.51827651051713,-7.924804509086073,-4.340135724580539
163.17014835995596,151.6409810707234,11.52916728923256,7.065733165725286
260.69268318399713,263.49707134523385,-2.804388161236716,-1.0757448682429556
279.0051423928435,281.71830639591747,-2.7131640030739845,-0.9724422925702956
233.299503874714,237.06248417895577,-3.762980304241779,-1.6129396941463563
157.04309079844157,185.46152110090125,-28.418430302459683,-18.09594434111946
154.62367270360076,153.96146732426558,0.6622053793351768,0.4282690792143859
296.35640336405976,284.6986059434284,11.657797420631368,3.93370863200493
290.6024560754075,292.30565009409054,-1.7031940186830639,-0.5860907170864061
329.5295860172244,316.67648233862724,12.853103678597165,3.900439967756139
276.2609703650777,288.67042980886646,-12.409459443788762,-4.491933633400952
166.74256337141625,163.57467496610482,3.1678884053114302,1.8998678809171312
278.651538997303,260.3147905065907,18.336748490712296,6.580530133332503
205.1437901352895,224.53993132935634,-19.396141194066843,-9.454900477989295
122.19560926645852,140.9149054734147,-18.719296206956187,-15.319123427861534
276.9955094320355,272.2687186426735,4.726790789361985,1.7064503316512305
253.09357992518855,254.08453047954558,-0.9909505543570276,-0.3915352395149418
266.76111631073854,267.04856267474486,-0.28744636400631407,-0.10775422144788155
223.028213154839,213.4017245939241,9.626488560914908,4.316264935607786
237.71023894029136,215.77102016543225,21.939218774859114,9.229395785669064
337.76102028405705,325.21787850300484,12.543141781052213,3.7136143686750565
200.8590431011026,184.8681096497612,15.990933451341391,7.961271349526612
338.8116130700372,321.33180351719415,17.47980955284305,5.159153015581471
228.03840473927528,201.22149876023465,26.816905979040627,11.759820022290274
320.46894627955845,313.3581178542787,7.110828425279749,2.218882206164424
202.09021410138232,200.8136074370335,1.2766066643488045,0.6317013765487779
176.00069213233496,189.98530276850647,-13.98461063617151,-7.945770250526333
251.02368840434417,249.29185411792062,1.731834286423549,0.6899087083900796
279.45595551100973,282.53672328023,-3.0807677692202446,-1.1024162156740551
171.1125770572793,201.9246209362067,-30.812043878927398,-18.00688436164057
254.78635584413473,261.98591554329886,-7.199559699164126,-2.8257241936332136
128.45790792084154,157.26589684496884,-28.8079889241273,-22.426014396777653
175.07974206526086,188.5486624771743,-13.468920411913444,-7.6930204791442485
166.7558629751232,170.4281394665652,-3.6722764914420054,-2.202187332981413
195.0331043138005,195.622404082733,-0.5892997689325057,-0.3021537143685853
99.42726624772416,122.81665589130353,-23.389389643579364,-23.52412022000528
294.50637613762336,287.48213911919424,7.024237018429119,2.3850882655072567
306.86919533746027,280.2661789450206,26.603016392439656,8.669171359212074
234.82013786579185,229.79213167152955,5.0280061942623036,2.141215928054684
250.69260356873696,251.21369764540398,-0.5210940766670262,-0.20786176745902613
271.502123292942,266.59106797716714,4.911055315774831,1.8088460068785401
251.4946011232632,251.86559836108293,-0.37099723781972216,-0.14751697895808427
224.34983172263713,226.1993028759642,-1.8494711533270731,-0.8243693071334983
188.1790693299965,178.06132795962597,10.117741370370538,5.376656078911603
259.8649276686324,242.10716693890413,17.75776072972826,6.833458015685798
191.16702349171155,198.38638027033582,-7.219356778624274,-3.776465546599508
212.57300935547607,228.54735220622868,-15.974342850752606,-7.514755941587789
277.9505502681629,261.86276266385386,16.087787604309028,5.788003509540726
224.42125723124784,217.7091795013865,6.712077729861335,2.990838663266682
203.8057697743559,201.51511887763783,2.2906508967180628,1.1239381982434369
172.27084589001493,200.01798699075025,-27.74714110073532,-16.10669580066396
222.23678612115205,234.66933019906332,-12.432544077911274,-5.59427819979978
298.6579995975064,287.82798289501255,10.830016702493822,3.6262268940022215
265.4462591235246,254.1976667868167,11.248592336707901,4.237615694359212
275.8682013158192,264.50853918438713,11.35966213143206,4.117785985209401
202.86426122893795,194.4701092818136,8.394151947124357,4.1378170291174765
321.49634390591115,322.31777954962547,-0.8214356437143238,-0.25550388341421526
228.30629736755952,231.3577717251735,-3.0514743576139836,-1.3365703849602062
233.21516433852892,224.75508563097873,8.460078707550196,3.6275851664901904
209.9104816581651,219.0026357065828,-9.092154048417683,-4.331443564225663
148.4411376877023,156.87434482894713,-8.433207141244822,-5.681179269177399
220.10199956359952,224.98785379671673,-4.885854233117215,-2.219813651309162
315.82901595040494,285.9985797638235,29.830436186581437,9.445122100898338
152.30795613887133,162.60566635345248,-10.297710214581144,-6.761111156394153
235.19041637028016,237.28572228531687,-2.095305915036704,-0.8908976595959109
236.27789457637303,240.5985823027409,-4.320687726367879,-1.8286466172023916
317.7858847061029,305.45880854507783,12.327076161025047,3.879050881201179
225.05208192132935,223.6515013990491,1.4005805222802508,0.6223361767299032
186.51655346506132,205.36393633366083,-18.84738286859951,-10.104938418846583
229.07070945360496,229.79918624594487,-0.7284767923399045,-0.3180139416678443
160.59893471041556,159.33404534226938,1.2648893681461857,0.7876075706398518
223.93946683443016,224.26041450971013,-0.32094767527996737,-0.14331894230920014
214.89897117291707,212.49890922300344,2.400061949913635,1.1168326850585246
203.9509774276852,195.5505665530363,8.400410874648884,4.118838252504778
282.09475407818644,272.8271565064223,9.267597571764156,3.2852782399475298
352.07886963057376,306.2897628404193,45.78910679015445,13.005354975775637
202.28483256893492,220.23900449758128,-17.95417192864636,-8.875688651806314
192.6386506241743,211.51867569836696,-18.880025074192673,-9.80074611871446
265.77808460745484,267.78294650728844,-2.0048618998335996,-0.7543368004907975
222.48253429287809,236.7619643968333,-14.279430103955207,-6.4182252100551995
207.44944036776016,206.43351624088234,1.0159241268778203,0.4897213147824455
232.50540687637243,217.01115010622354,15.494256770148894,6.664041485447041
186.89791358647992,198.35840649335387,-11.460492906873952,-6.131953367992545
282.8534524825667,271.28273533742964,11.570717145137053,4.090710947164486
170.31448543441064,191.51212857449264,-21.197643140081993,-12.44617748514724
163.54012925892843,181.75401155561002,-18.21388229668159,-11.137255656588156
199.6908783970246,215.57400659418505,-15.88312819716046,-7.953857644705077
190.98350816665337,192.65838521400477,-1.6748770473514014,-0.8769746997682614
166.09193613851613,179.89168395162224,-13.799747813106109,-8.308499577967167
164.5782375553071,169.67030388440836,-5.092066329101243,-3.0940095147087936
237.71061474098164,246.11766887170256,-8.407054130720923,-3.5366759451956167
308.1190895081907,292.12194603389025,15.997143474300458,5.191870292695775
201.8481244708108,193.0658257795792,8.782298691231603,4.350943916004336
153.23615118798068,184.9955113109277,-31.759360122947015,-20.725762084683648
223.95409026658305,245.52882126370932,-21.574730997126267,-9.633550774377397
306.118640108812,296.8458541728038,9.272785936008177,3.0291477620285066
273.0807385196028,251.10046772422163,21.98027079538116,8.049000788022745
266.19965801010886,242.15496692649603,24.044691083612832,9.032577751358247
286.57658018561835,265.6866906115328,20.889889574085544,7.2894615326049905
239.5786497659821,245.09437539011628,-5.515725624134177,-2.302260919126925
223.3864406341864,218.98397228453305,4.402468349653361,1.9707858440981936
171.48732211777354,164.78290957954877,6.704412538224773,3.90956745689943
214.42115405169255,225.5465572305841,-11.12540317889156,-5.1885753661270995
179.0267139081511,183.89039075775116,-4.863676849600068,-2.7167324604390366
228.51088129468943,211.01062498540904,17.500256309280388,7.658390799653833
292.81042480435866,278.47081240031116,14.3396124040475,4.897234247595015
280.66756839151265,276.2624433406438,4.405125050868833,1.5695169470823844
196.77587631174663,220.10605773101636,-23.330181419269735,-11.856220313463815
140.0542864289367,152.02550156313328,-11.97121513419657,-8.547553551865578
212.7779165823848,216.24881949844035,-3.4709029160555644,-1.631232682321935
119.424671332585,146.07017041046555,-26.645499077880544,-22.311553199653076
164.781829654415,192.1479181304877,-27.36608847607272,-16.607467299923563
298.255308418444,298.7614011083085,-0.5060926898645448,-0.16968438635617197
211.30789679191724,231.1910786057673,-19.883181813850058,-9.40957821061925
191.1982356980175,181.33647769448652,9.86175800353098,5.157870817964475
167.9865840700028,192.57392669768157,-24.587342627678765,-14.636491814984945
176.50250644735274,191.3881434561117,-14.885637008758948,-8.433668908378387
196.02664092970844,190.20568310907348,5.820957820634959,2.9694728191165853
126.79791730755046,149.272445813236,-22.47452850568554,-17.724682694253723
257.7296960600751,275.1577776941282,-17.428081634053058,-6.762155040911811
245.7158335041071,229.66056018084043,16.055273323266675,6.534081704994526
219.03577064997592,191.2425570012434,27.793213648732518,12.6888925796265
238.0191301001244,223.6317317997698,14.387398300354619,6.044639476794348
221.94419044249892,226.15580187496383,-4.211611432464906,-1.8975993127227389
187.83373894226852,194.5060326382259,-6.672293695957364,-3.5522338710449257
266.6569960316169,259.2168549181211,7.440141113495827,2.7901541021686396
230.50328458638955,229.96578280543335,0.5375017809562053,0.2331861699587872
193.04829205802463,194.70900071091168,-1.6607086528870525,-0.8602555532518735
245.69385958462877,245.59702679203463,0.09683279259414235,0.03941197096168717
257.5158826088471,275.40564948133016,-17.88976687248305,-6.947053786059733
171.01305155063503,206.9324963627094,-35.919444812074374,-21.003920160701323
244.8782917619485,233.35051321807003,11.527778543878469,4.707554296027543
272.112117866967,245.93072616464244,26.18139170232459,9.621545672995136
265.0383441137011,253.74334061443056,11.295003499270535,4.261648833130724
259.6108696301557,260.19374372182807,-0.5828740916723518,-0.2245183695515986
195.89456070880271,168.11853549198182,27.776025216820898,14.179069146340396
237.49365548217327,240.97948859826502,-3.4858331160917544,-1.4677584161204709
190.90213935276785,203.4253855445638,-12.523246191795948,-6.560034494246423
170.9721391054265,164.66200977018366,6.310129335242834,3.6907354427798444
196.5219784445013,209.90033895973494,-13.378360515233652,-6.807564538646125
174.4507289491811,195.40379371142774,-20.95306476224664,-12.01087830842509
199.65359211981752,199.52401652674712,0.129575593070399,0.06490020624955108
188.66692181248,188.36935157176387,0.2975702407161407,0.15772252913094217
256.7686927518495,239.8931330865364,16.87555966531312,6.572280866664015
299.4310009968736,284.27861779202476,15.152383204848832,5.06039226212487
260.17342161024345,265.62018716123833,-5.446765550994883,-2.0935134408750207
171.24344366127454,199.52478400628493,-28.281340345010392,-16.515283587120486
212.13830714670672,209.30134074707786,2.8369663996288637,1.337319241294278
269.7506230479838,279.30502046415194,-9.554397416168115,-3.5419371077665898
193.4288729589753,222.67273788501873,-29.243864926043443,-15.118665832399195
198.28490722146415,212.37472915012594,-14.089821928661792,-7.105846897830145
319.11588398947754,280.19350796379916,38.922376025678375,12.196940979271904
240.57167808081311,238.19406019892486,2.3776178818882556,0.9883199472423199
235.1007121827323,220.93874394869948,14.161968234032827,6.02378789181439
272.25024035508915,254.56242103044187,17.68781932464728,6.49689759743738
245.78546545654777,237.51152725402815,8.273938202519616,3.366325257333965
195.33122669746257,212.29248643721164,-16.961259739749067,-8.683332422838566
198.42048858986948,205.16164716216875,-6.74115857229927,-3.3974105296318906
335.31864552651166,321.52300296037026,13.795642566141396,4.114188921549445
328.85164207248226,303.27190756286177,25.579734509620494,7.778502898271208
148.99557509340448,152.188532004029,-3.192956910624531,-2.1429877421681045
160.30775372097492,153.43211483807832,6.875638882896595,4.289024531442222
198.9213397537392,216.758690682895,-17.837350929155804,-8.967037398419949
228.40745011907632,241.85495023997507,-13.447500120898752,-5.887505032733445
324.4684299315129,311.7318530154664,12.736576916046488,3.925367074613348
271.9471604474615,261.59189681922913,10.355263628232365,3.8078219354060647
352.3594288756556,293.7517246210516,58.607704254604016,16.632932015361547
146.13081868743498,152.3778731743732,-6.247054486938225,-4.274973987725545
177.69015957428093,196.9523658464714,-19.26220627219047,-10.840333712536381
263.64010652395524,254.85989971124363,8.780206812711612,3.3303759919069114
235.05559215982376,221.78046610847744,13.27512605134632,5.647653786649768
171.28654762594792,202.60901726796476,-31.32246964201684,-18.286590556088626
150.75324157330243,166.61367823623698,-15.860436662934546,-10.520793116891321
197.38631540212145,188.97795593954254,8.408359462578915,4.259849243068927
165.72778432791696,179.42313460441585,-13.695350276498885,-8.263762369139387
324.1103045546639,301.4813313817013,22.628973172962617,6.981874027132652
194.9648114559582,203.8883875884204,-8.923576132462188,-4.577018830127707
240.0670203510287,232.15544896701834,7.911571384010358,3.2955677845469857
137.09019578379332,150.66168930561338,-13.57149352182006,-9.89968206276679
275.6146916705731,246.56103846105097,29.05365320952214,10.541402213873399
237.377330074724,223.75547314223996,13.621856932484036,5.738482663106883
193.8077229658868,218.43991776699528,-24.632194801108483,-12.709604356398192
269.0439107224891,269.6517224909208,-0.6078117684317021,-0.22591545253690656
220.71288867793936,222.81831898650896,-2.105430308569595,-0.9539226826222208
233.74439794437583,244.74267314884338,-10.998275204467546,-4.7052572387573575
218.2578211749883,210.03381128085869,8.224009894129608,3.7680252876418137
175.36046444416456,181.014766529951,-5.654302085786441,-3.2243881787772017
256.41026073248884,250.87445472185945,5.535806010629386,2.158964307752433
211.44506708240576,216.89924125495637,-5.4541741725506085,-2.579475722848134
161.3002117751179,170.24368871876908,-8.943476943651177,-5.5446157480065965
228.88862278270412,222.82771406606992,6.060908716634202,2.647972906188587
208.87315944726572,209.61324415399716,-0.7400847067314373,-0.35432255091554105
174.35768344245432,170.43370012638482,3.9239833160694957,2.2505365055303583
276.7402766953558,260.35119221097705,16.38908448437877,5.922189816417787
167.53913253533497,189.36132073339652,-21.822188198061554,-13.025129035724909
237.23598574667463,235.67167288385346,1.5643128628211684,0.6593910522881522
278.94019055916414,281.5657547925047,-2.625564233340583,-0.941264228750031
287.4169128741459,293.0599647780249,-5.643051903878984,-1.9633680730368024
292.099987663362,277.7160189846109,14.383968678751103,4.924330464309457
333.85692431199556,262.30113226834175,71.55579204365381,21.433071125037856
188.18245069644496,196.1475889501513,-7.965138253706328,-4.2326679370090705
307.46637954988967,298.84978422026006,8.616595329629604,2.8024512280801974
168.9015390054053,172.48418465769655,-3.5826456522912338,-2.12114446877632
156.8528049764014,168.04037992626425,-11.187574949862864,-7.132531006727002
297.57678375354055,287.7038070633022,9.872976690238374,3.3177913161449397
194.2731810822272,204.213169240803,-9.939988158575801,-5.116500436757993
165.08730980278838,179.7338193221088,-14.646509519320404,-8.871977826046699
214.88305307304697,225.33678638185108,-10.453733308804118,-4.864847720332089
220.75136638174192,204.39381271253703,16.35755366920489,7.409944471608854
223.1530722510983,229.617167936459,-6.4640956853606895,-2.8967092499121416
161.65617750201724,158.37248261247467,3.2836948895425735,2.031283270632573
98.06946790644206,117.7217960748925,-19.65232816845044,-20.039191185577447
310.43009697706776,284.46370692942554,25.96639004764222,8.364649658812052
299.7262001319039,279.8374930377933,19.8887070941106,6.635625142332553
242.93343193902004,239.76647536771682,3.166956571303217,1.3036314294107412
194.15949011525743,190.5878477613251,3.571642353932333,1.8395404478102644
205.7954566116053,221.04719332923608,-15.251736717630791,-7.411114399097336
283.6849448073265,275.2798124048283,8.405132402498168,2.9628404877836494
214.19010733471015,233.82354574219266,-19.633438407482515,-9.16636097333934
271.3546182225223,270.6940546911146,0.6605635314076608,0.24343183680993066
212.78670708566295,214.30888325401102,-1.522176168348068,-0.7153530355330304
319.43538849184233,296.31034583548313,23.1250426563592,7.239349016882568
147.00025563528905,163.24973594786678,-16.24948031257773,-11.054049016685425
214.2423492870007,193.65134762210437,20.59100166489634,9.611079104305599
312.9917992877425,296.2789400471401,16.71285924060237,5.339711544722535
259.63493353093435,277.0502615098692,-17.41532797893484,-6.707621251922127
225.08803398891231,228.32157283127938,-3.233538842367068,-1.4365663003331177
231.91090834128968,236.9652192122341,-5.05431087094442,-2.1794192033029716
300.7673416378244,283.6467477195098,17.120593918314626,5.692304831064659
240.5051084501167,220.36954518273032,20.135563267386374,8.372197745463982
220.45774591828211,232.5477743302108,-12.0900284119287,-5.484056984058141
202.09264367790576,216.15806254348453,-14.065418865578778,-6.9598866191271025
273.78223860263967,260.0236065662766,13.758632036363053,5.02539248220991
164.311034426143,177.5721699425354,-13.261135516392386,-8.070751646538504
144.01676427628698,158.02322428737324,-14.006460011086261,-9.725576103220707
251.09096756983263,229.94602093913852,21.144946630694108,8.421229499150877
280.4910041461693,291.75680124198834,-11.265797095819039,-4.016455761250801
162.47389433589458,164.73244174434902,-2.258547408454433,-1.3900986479619717
255.43322709281983,294.042403809389,-38.60917671656915,-15.115173995174588
186.38737736536305,187.6471658658352,-1.2597885004721547,-0.6758979702808272
340.84598258700754,335.06098521590735,5.784997371100189,1.6972467526805768
158.1685477644071,181.84389506875138,-23.675347304344285,-14.968429336285519
272.22256616856146,276.67342887793535,-4.450862709373894,-1.6350087254037198
226.45030108770567,207.20789505329515,19.24240603441052,8.497408014908231
241.15590715813968,240.88069968867953,0.27520746946015606,0.11412014439260111
275.9187124647428,312.7006575543933,-36.78194508965049,-13.330717862910632
223.72614929753317,227.05230731228653,-3.3261580147533607,-1.486709544323273
300.24816862397233,287.965127375143,12.283041248829306,4.090962920813835
281.64146372645814,279.0885569538994,2.5529067725587424,0.9064385402563564
326.23071975212997,280.69695708453537,45.5337626675946,13.957533705651985
173.25727391273392,189.8750206073703,-16.617746694636367,-9.59137028959972
219.7657864254608,235.15250405495698,-15.38671762949619,-7.001416316781861
283.35532029669866,272.54966140561015,10.805658891088513,3.8134660326031673
137.024192825855,137.43826805952486,-0.41407523366984833,-0.3021913321511767
253.4230008693419,231.95090122922701,21.47209964011489,8.472829840407947
235.02892647795449,237.12529868208233,-2.096372204127846,-0.8919634853220859
103.92810675978149,138.65631699620442,-34.72821023642294,-33.41560942382355
154.87235883982973,158.02762625783166,-3.1552674180019267,-2.0373341257526336
222.71265952074296,231.25586200730447,-8.543202486561512,-3.835975244939238
233.8888951940307,268.7605783480587,-34.87168315402798,-14.909507834948279
161.94380302489674,168.77642674332128,-6.832623718424543,-4.2191325575910525
189.52271446789783,212.27741198156144,-22.754697513663615,-12.006316803529058
235.75112375036375,212.0075923224573,23.743531427906447,10.071439342553639
311.82951504260996,284.7146632391908,27.11485180341913,8.695409028139629
263.8441846620251,267.9023897988717,-4.0582051368465955,-1.5381067208454908
273.2365164768708,255.72687369131026,17.509642785560544,6.4082367215520835
227.16992500692572,245.84076413867191,-18.67083913174619,-8.218886866814334
144.7579247823879,148.77435824027745,-4.016433457889548,-2.7745862369382426
183.69867828897577,185.59853770428165,-1.8998594153058832,-1.034225957966459
147.2899496254168,171.61695609581164,-24.32700647039485,-16.51640626686514
244.55079154160245,240.77804305143633,3.772748490166123,1.5427259369652504
305.51590929133545,306.1423249667834,-0.6264156754479586,-0.20503537013865222
191.7097591986015,196.19757691710288,-4.48781771850139,-2.340943798198735
247.8132508108069,241.09394999785502,6.719300812951872,2.711437258083396
247.82082325257605,263.89870510588975,-16.0778818533137,-6.487704157502258
223.4159827366579,240.8942040129358,-17.478221276277907,-7.823174090852586
163.24692923826922,174.06825753247853,-10.821328294209309,-6.628809708521313
183.81622782182097,191.47897045651303,-7.6627426346920515,-4.168697576646931
218.7700441576324,208.71023193242135,10.059812225211061,4.598349954147548
297.1744599800505,265.5458222777104,31.628637702340086,10.643121116284131
228.4897571365371,236.32602889337844,-7.836271756841342,-3.429594330637182
307.580941943082,269.89414848039655,37.68679346268544,12.252642580716007
295.845255296773,288.1969082700591,7.648347026713907,2.5852525567941167
208.6726533183628,212.6565368954133,-3.9838835770505057,-1.9091546082813584
228.0318094616597,235.5405381013795,-7.508728639719806,-3.292842633423164
199.3126373801732,193.21036991988802,6.102267460285162,3.0616560698284108
213.1357683388957,193.5276538010919,19.6081145378038,9.199823516541809
242.89756392707088,267.1340625412748,-24.236498614203896,-9.97807397585956
225.98765869564417,235.19144476849158,-9.203786072847407,-4.072694113461695
152.87875778081363,153.7881733175468,-0.909415536733178,-0.594860626770026
234.3450912948383,227.01475401785734,7.33033727698097,3.1280097383215075
154.59907628095056,158.05329314649106,-3.454216865540502,-2.2343062770072484
169.2574085814461,193.7746056634005,-24.517197081954407,-14.485154468235176
185.8747411029664,175.77967036209898,10.095070740867413,5.4311148900404875
278.489469791228,241.4361922243882,37.05327756683977,13.305091066680932
254.3655293332855,255.7270499498121,-1.3615206165266045,-0.5352614483948631
169.96632613300258,176.96507360476096,-6.998747471758378,-4.117725923122969
238.23644401086003,237.63161817692801,0.6048258339320114,0.2538762851515868
167.4262017639237,169.3310473277487,-1.9048455638250061,-1.1377224972892233
136.89263644705213,131.30223020101062,5.5904062460415105,4.083788866323566
177.53876448102238,191.988062841284,-14.449298360261622,-8.138672364032447
224.6694093127026,225.38481521632394,-0.7154059036213312,-0.3184260402027428
168.0658908566419,174.8249102423683,-6.759019385726418,-4.021648504211826
232.69474575023216,229.8624948659989,2.832250884233247,1.217152916410628
257.5412314794469,241.78469180620635,15.756539673240525,6.118064894978954
291.6738339232007,289.6724699017061,2.0013640214945667,0.6861650887825396
234.3395749254347,229.33703830016137,5.002536625273336,2.1347382860385875
220.4067799143286,223.8497520147854,-3.4429721004567853,-1.5620989979505426
225.82737661605103,241.04093246392688,-15.213555847875853,-6.736807589870628
227.86769546649845,224.5601326382883,3.3075628282101377,1.451527747905987
168.9417432329006,191.48550481719977,-22.543761584299176,-13.344103803416235
234.85463871775832,233.14758479910125,1.707053918657067,0.7268555256038849
234.3491168612279,217.3562751073399,16.992841753888,7.251079919345493
179.16573627292138,202.2039445996024,-23.03820832668103,-12.858601653380397
160.57980192289142,173.8006629989095,-13.220861076018082,-8.23320300417769
278.2248109019037,247.5666116575044,30.6581992443993,11.019218287907739
321.94283003107216,319.1365722894694,2.8062577416027352,0.8716633761751709
190.80070368939656,211.07863580964005,-20.27793212024349,-10.627807826775015
170.90001492444895,193.84465737637834,-22.944642451929383,-13.425769718084982
224.70197017783545,259.400382790215,-34.69841261237957,-15.441970795769292
210.63994028191163,232.3597635548075,-21.719823272895866,-10.311350850093753
270.4753009633274,261.6938362523678,8.781464710959597,3.2466789683506954
191.48970987930383,197.85235784783984,-6.36264796853601,-3.322710119800376
201.76774136315092,198.46867904910994,3.299062314040981,1.6350791716021522
285.7922052326092,280.0883477074615,5.7038575251477255,1.9958058409974118
173.61048612708822,185.40351412806322,-11.793028000975,-6.792808582047365
226.2454974639771,221.28130584624148,4.964191617735622,2.1941615074686833
291.1056574134756,278.03199813715656,13.073659276319063,4.491035795209478
248.01510417084765,241.87013347501397,6.144970695833678,2.4776598652639534
208.37706392217163,229.77846264168875,-21.40139871951712,-10.270515534046728
256.43289616085235,250.56246078707582,5.87043537377653,2.289267664821829
273.2905718746347,283.4489293206996,-10.15835744606494,-3.7170537484640476
283.3593563116474,282.58939866859095,0.7699576430564434,0.2717247995896843
189.71333532088255,195.0610497336459,-5.347714412763338,-2.818839489442413
205.7399105335002,210.0311074989396,-4.291196965439411,-2.085738714628577
108.22600468638798,129.6632568859752,-21.437252199587206,-19.807856957952968
185.58501203133696,174.91055933339499,10.674452697941973,5.751785977274683
243.1935484565732,237.90967369690748,5.283874759665736,2.1727035084605757
210.0619430350507,216.94436058216263,-6.882417547111942,-3.276375267062796
138.33927176783092,144.09337611648454,-5.7541043486536125,-4.159414947846832
234.11704984427692,248.14172283613763,-14.024672991860712,-5.9904534937499125
227.10647875487345,207.60524714814278,19.50123160673067,8.586823112069494
160.5520318115918,185.5818153904682,-25.02978357887639,-15.589826734954624
261.5172901351042,251.9078070198006,9.60948311530359,3.674511582136374
302.4232976695321,272.69522927002066,29.728068399511415,9.829953124840355
235.4988122146452,239.89067986940273,-4.391867654757533,-1.8649213613674487
146.9628144668927,168.54001517679927,-21.577200709906577,-14.682081850553713
204.18275397303037,201.84559648754515,2.3371574854852213,1.1446400050975543
253.65234495380184,253.3811390122962,0.2712059415056558,0.10692033679209668
237.02124740299007,249.99634425468477,-12.975096851694701,-5.474233636798849
243.2894828966174,252.08894923213728,-8.799466335519895,-3.616870828427512
216.5041612039432,219.71603987289708,-3.2118786689538865,-1.4835182155821718
215.8524635137025,223.7434381980339,-7.890974684331411,-3.6557260250265733
255.4174338938897,230.78055516173848,24.636878732151217,9.645731051540645
215.53787020103448,209.4661738690592,6.071696331975289,2.816997461426223
265.20929414075204,253.28348496111317,11.925809179638861,4.496753863124265
248.3556581817875,239.544172547975,8.81148563381251,3.5479302941279536
312.2240349413167,304.06525110998837,8.158783831328321,2.613118440052761
274.65510645011057,251.3848907395669,23.270215710543653,8.472522506975688
337.90910347575635,308.2268567896768,29.682246686079566,8.78409204746659
184.9488378326921,171.64020737500098,13.308630457691123,7.195844328435489
259.06860424629355,266.454888100292,-7.386283853998464,-2.8510918470755366
294.9272064368844,264.4674760634886,30.459730373395757,10.327880815537533
284.25470208329887,281.88366594464156,2.3710361386573027,0.8341238056151792
174.53945706793988,173.78029039677497,0.7591666711649054,0.4349541839524561
282.4294097803044,279.33594517563967,3.093464604664746,1.0953054099681345
290.71250898258063,277.63598240806436,13.076526574516265,4.498095599766505
214.33261136788255,238.21505214821065,-23.882440780328096,-11.142700416846994
285.1183047046162,271.9557700074268,13.162534697189415,4.61651689140964
303.29823912581907,290.75426819395506,12.54397093186401,4.1358535308410795
203.72128691116436,202.92146617458994,0.7998207365744179,0.3926053819418446
185.36922011766197,187.39868416560745,-2.0294640479454813,-1.0948225636690339
149.5567433857824,169.82879443926205,-20.272051053479657,-13.554755602820126
144.70080170975575,182.75478929682802,-38.05398758707227,-26.298394436958166
307.1471663312128,311.5702128242913,-4.423046493078459,-1.4400414452493622
186.5655670602642,206.98371639485373,-20.418149334589543,-10.944221731973776
171.26725065743318,162.08171906364586,9.185531593787317,5.363273806596052
222.6551405232308,228.39958937829135,-5.74444885506054,-2.5799758503492494
210.42675290735303,219.41403408643072,-8.987281179077684,-4.270978406930328
150.42183796387758,167.72960670457164,-17.30776874069406,-11.506154275850799
300.15324621877255,290.64745487687986,9.505791341892689,3.166979355260482
231.02787276083913,236.62722414985265,-5.5993513890135205,-2.4236691971838344
201.3459020352435,214.1770543491932,-12.831152313949701,-6.3726910675856425
227.77884065888205,248.18401573146562,-20.405175072583575,-8.958327741751061
190.28728479349436,213.3122666191992,-23.024981825704828,-12.100115806840298
223.70320509190745,219.52930864481357,4.173896447093881,1.8658187956578693
145.70358024843014,156.49058217252224,-10.787001924092095,-7.4033883763870785
223.18547168252465,203.68931366407654,19.496158018448114,8.73540641847014
114.6693858261002,133.34593052894184,-18.67654470284164,-16.287298103405927
170.17942041432792,179.16463495583994,-8.985214541512022,-5.27984789208715
246.16103778330597,248.88059069971132,-2.7195529164053482,-1.1047860948650021
233.87391015305624,215.76956739026346,18.104342762792783,7.741069857234008
248.85515766271615,242.91569486478588,5.939462797930275,2.3867147676240967
179.08935720160326,171.9483067185372,7.141050483066067,3.9874231471093458
243.45673822643724,236.56142718314885,6.8953110432883875,2.832253111382406
285.6911991017879,281.90913033331,3.7820687684779273,1.3238310386769834
194.97647742913713,199.46799570150463,-4.4915182723675,-2.3036205862319528
163.85163126902864,164.4012587102985,-0.5496274412698483,-0.33544215398589033
219.85821522574233,227.71589587402573,-7.857680648283406,-3.5739763648201315
235.1812885132772,233.43511890092606,1.7461696123511388,0.7424781211931146
173.61351299716395,193.1364984305858,-19.522985433421837,-11.245084035446453
157.30674774232756,173.85394292423618,-16.54719518190862,-10.51906254461083
218.8879043088609,236.84068754047556,-17.95278323161466,-8.201816033782505
302.37647781369964,294.2500954754317,8.126382338267945,2.687504794362601
278.9148477820942,275.81882966497545,3.096018117118774,1.1100226975143244
212.8058162165037,213.95021079588778,-1.144394579384084,-0.5377647095038998
260.2803354505189,245.23209847109808,15.048236979420835,5.781549709997822
249.6921620518941,272.1567525159694,-22.464590464075314,-8.996914552490617
250.3766223038029,224.35477358143066,26.021848722372226,10.39308242236679
182.6704516742452,192.96623444685244,-10.295782772607254,-5.636260642179637
142.47734794597886,163.8204287383933,-21.34308079241444,-14.979981800690728
303.4109194620105,303.73274781725286,-0.32182835524236,-0.1060701295170939
294.46951443567707,288.7614318925896,5.708082543087471,1.9384290268642819
273.35312492850994,304.70006755210017,-31.346942623590223,-11.467563296299756
278.04914544235396,254.46147374022232,23.587671702131644,8.483274301960376
180.23459938172132,170.67479914777516,9.559800233946163,5.30408715459751
232.06589309266693,224.26176242741195,7.804130665254974,3.3628942888814266
266.5128714115303,248.21625609789587,18.29661531363442,6.865190118859994
244.81896849622473,246.2324456119295,-1.4134771157047794,-0.5773560457291839
143.19102609321527,171.2040434299644,-28.01301733674913,-19.563388922510452
257.8134340386389,233.72986690123088,24.08356713740801,9.341470985487346
186.3335983298263,168.31818681700378,18.01541151282251,9.668364521643436
161.50098017330538,180.50489712610423,-19.003916952798846,-11.767059823665402
204.53486676096068,213.6886195470511,-9.153752786090422,-4.475399686640413
336.621274694897,323.6389413788739,12.98233331602313,3.856658592891941
291.71725393053663,277.2464110399985,14.470842890538108,4.9605714765105695
157.17099100546477,163.89803964672242,-6.727048641257653,-4.2800828563992175
306.81057781041795,306.12438022162826,0.6861975887896961,0.22365512743622093
188.1526093525816,184.33965062729985,3.81295872528176,2.0265244996611274
265.49107462366214,247.2409936475611,18.25008097610103,6.874084562718657
216.5395984110764,232.62091444884624,-16.081316037769824,-7.426501275411636
186.1361082626136,180.51933317685615,5.616775085757439,3.0175634046419986
202.7816191001619,204.89381777634654,-2.112198676184647,-1.0416124920776713
147.01041206405057,153.15488973651702,-6.144477672466451,-4.179620739916966
248.82299732852383,245.1344688920384,3.688528436485427,1.4823904848374692
192.12632224057552,168.10865085000495,24.01767139057057,12.500979100873161
294.1310278584248,283.61146340704545,10.519564451379324,3.576489202098987
170.7704330541617,182.90923531444705,-12.138802260285331,-7.108257584868557
250.676538381365,241.71339319677637,8.963145184588626,3.5755820000005776
257.00637218838534,262.7877815756265,-5.781409387241183,-2.2495198613221223
195.95389157796825,194.05392662830673,1.8999649496615234,0.9695979673389363
247.12111067726875,251.63313261297802,-4.512021935709271,-1.8258342734635118
258.9532075498448,270.04568284940086,-11.092475299556043,-4.28358289302939
166.380014516193,174.42942438999867,-8.049409873805672,-4.837966805816247
351.8219391531117,336.5027156595336,15.319223493578136,4.354254748994281
198.2861935778255,203.3472036995725,-5.061010121747017,-2.55237645668992
302.16086312911716,299.7070739160049,2.453789213112259,0.8120804222298386
168.28116748699654,188.2780834160797,-19.996915929083173,-11.883038504964247
211.247272287885,217.9986285747531,-6.751356286868088,-3.19594956836528
257.8272748478709,254.54842223264845,3.278852615222462,1.271724497401264
274.38983503257265,251.09969492266725,23.290140109905394,8.487974821348844
305.84369932587805,311.55674532793375,-5.713046002055705,-1.8679626275277375
224.38941264797032,246.47480636683215,-22.085393718861837,-9.842440183891451
222.73655035750176,237.87838064880228,-15.141830291300522,-6.798089611694727
213.17091444943583,212.75603558333933,0.41487886609650104,0.19462264219676667
231.31311413154907,245.1375565693258,-13.824442437776725,-5.976506126632616
195.97713218281177,212.6430076826452,-16.66587549983342,-8.503989886068505
163.95146569715735,177.27600225454856,-13.324536557391212,-8.127122560772715
228.30712871297504,220.86710353382293,7.440025179152116,3.258779180962687
234.6388397253055,240.38589382422694,-5.7470540989214385,-2.4493191773576717
276.8939060489551,263.05829620048826,13.835609848466845,4.996718795978376
204.84098052739816,216.9050843574839,-12.064103830085742,-5.889497208529583
191.86096494910896,194.12736664313854,-2.2664016940295824,-1.181272957024241
173.92431822704992,164.37843129024114,9.545886936808785,5.48852916838638
277.34734641010726,283.7643106917451,-6.416964281637831,-2.3136923301040753
268.41453321452474,284.7081536848831,-16.29362047035835,-6.070319768168444
310.39449905774256,317.9438553063881,-7.549356248645552,-2.432181070077904
240.08004505142077,242.57523289415101,-2.495187842730246,-1.0393149677207958
213.12824621320289,222.02581308778576,-8.897566874582878,-4.1747478490871615
259.55372996689863,244.2082002753918,15.34552969150684,5.912274770030808
195.30367679872415,180.359763158791,14.943913639933157,7.6516294444031585
228.43935821820511,224.32105032426136,4.118307893943751,1.8028013762890833
102.46837166731189,130.64134059086825,-28.17296892355637,-27.49430723367661
298.7386059810628,293.304958597957,5.433647383105779,1.8188634727211055
243.9171873706345,235.0182137218041,8.898973648830406,3.648358586272287
215.67360056598977,208.9665238078402,6.707076758149583,3.1098274153852294
244.7112134748643,237.74930114155188,6.961912333312426,2.844950271977432
159.10936325464118,168.4864441308357,-9.377080876194526,-5.8934814924670995
322.5447524752721,247.83393003957565,74.71082243569646,23.16293223261295
301.412500254084,269.5424399326767,31.870060321407323,10.573569541588876
204.28472570066,186.36608896941317,17.918636731246835,8.771403084488632
204.4336380457926,215.89025613937866,-11.456618093586059,-5.604076806097735
145.05936885404986,170.13438440145467,-25.075015547404803,-17.28603656936754
152.09458873288617,170.78636903665742,-18.691780303771253,-12.28957615092961
221.31545056784847,227.8381770601209,-6.522726492272426,-2.9472531066116234
257.9683772179427,275.26849810747126,-17.300120889528557,-6.706295196373111
218.09820175268493,220.53679719480832,-2.438595442123386,-1.1181180874148888
252.05191422923292,243.90649568196318,8.145418547269742,3.231643200242372
284.4884797846753,271.47996160631027,13.008518178365023,4.5725992800168775
148.15858150186187,173.22517543100955,-25.066593929147672,-16.918759396216725
177.87294098951196,190.8795546948323,-13.006613705320348,-7.312305982553729
228.2852009432157,233.3646839853193,-5.07948304210359,-2.225060153315446
243.1291561846828,241.6169162734649,1.512239911217904,0.6219903589305409
274.19146858570457,256.29033864692013,17.901129938784436,6.528696910636753
160.58545693218375,189.42933988413867,-28.843882951954924,-17.961703072611286
117.85878879098112,126.34886860878034,-8.490079817799213,-7.203603485910673
328.3481175392604,328.5483693630688,-0.2002518238084008,-0.060987657035815594
323.56848578549517,321.7473783771217,1.8211074083734502,0.5628197702729077
162.97296364487025,150.43100355033638,12.541960094533863,7.69573051507101
225.1641283392283,232.37541312902042,-7.211284789792103,-3.202679238021301
262.69058339196886,250.70343561934686,11.987147772621995,4.563219441610359
217.20381853396776,224.98268356741045,-7.778865033442685,-3.581366610378525
248.86243557122975,266.1083581334886,-17.24592256225884,-6.929901864326442
239.6173886059845,250.3940725512295,-10.776683945244997,-4.49745488336227
177.38754530467548,182.07243021491874,-4.684884910243255,-2.641045008090415
202.48785322640455,202.70270504087577,-0.21485181447121704,-0.1061060261382633
265.406384500568,260.2535322703887,5.152852230179292,1.9414952055037187
239.26184808650737,235.89726986700055,3.364578219506825,1.4062326469577089
209.02816381281903,224.4844167121741,-15.456252899355064,-7.3943398905785065
213.49715861824367,227.3913718465331,-13.89421322828943,-6.507914821074413
224.70612684232347,212.61369543549915,12.092431406824318,5.381442676598485
218.3304892060339,221.7720859002077,-3.4415966941738247,-1.5763243634406288
243.0066895414014,266.4623114270987,-23.455621885697298,-9.652253577859275
165.93825779255772,165.89037508672746,0.04788270583026133,0.0288557361438134
250.2174602138923,266.4948095108336,-16.27734929694128,-6.505281159447061
271.9975884252081,256.1885024752311,15.809085949977032,5.812215483786944
207.90655581635025,207.8258815848932,0.08067423145703856,0.0388031205366609
195.78689743774305,199.58439720517646,-3.7974997674334077,-1.9396087364022656
250.60100515954136,248.28478188346534,2.316223276076016,0.9242673526394787
137.24269132707158,145.71344850776606,-8.470757180694477,-6.17210074998259
276.4235385289772,275.84091753537086,0.5826209936063265,0.21077112199157055
195.84302444625436,192.27159058329414,3.5714338629602196,1.8236206640795296
266.45027999844854,249.51725563739987,16.933024361048666,6.355040933395626
236.17595152788505,240.48787663407037,-4.311925106185328,-1.825725726218244
198.80511277578825,200.13157109287965,-1.326458317091408,-0.667215394297924
267.35430881932587,256.85857941010585,10.495729409220019,3.9257752962989945
60.87549780430582,111.5070207829348,-50.63152297862898,-83.17225288471928
211.09125010282912,205.94713082515761,5.144119277671507,2.436917340328245
259.87773222001096,251.26794815207631,8.60978406793464,3.3130133907146946
346.2627468364653,334.4869794130077,11.77576742345758,3.400818462581855
299.29129092985056,265.638715676963,33.65257525288757,11.244087707441924
196.66987652134975,204.46729479281922,-7.797418271469468,-3.9647242421607
165.1574048598146,156.91243047919565,8.244974380618942,4.992191774639028
220.55400243489035,224.25981998186052,-3.7058175469701666,-1.68023137465581
249.01683735486571,260.4225871814761,-11.40574982661039,-4.580312700043022
250.80430074293997,234.41659086960368,16.38770987333629,6.534062543900615
265.21772256154793,254.674058328069,10.543664233478921,3.9754749915070624
275.31748542358,267.50838914622636,7.80909627735366,2.8363967749230494
163.7393192375693,168.74396955760363,-5.0046503200343295,-3.0564743662901668
283.46821144265743,284.16304249289965,-0.6948310502422146,-0.24511780234757344
245.05267791926153,252.2990444347687,-7.246366515507162,-2.9570648144047835
311.98417100164676,293.66409405035904,18.320076951287717,5.872117451494364
209.45058630739996,223.51758019706048,-14.066993889660523,-6.71613965740593
224.92266147997532,234.71319149090385,-9.790530010928535,-4.352842860078009
261.3186071502774,233.2082251771634,28.110381973113988,10.757129880517255
195.6613775646086,211.59637278282221,-15.9349952182136,-8.144170002560553
235.2404929022344,235.53325439960818,-0.29276149737378887,-0.12445199963743493
237.27645404575043,212.2513233248679,25.025130720882515,10.546824303121666
191.74006863277333,187.76547814844568,3.974590484327649,2.0729055291723664
262.36812121347174,240.3973848199751,21.97073639349665,8.37401140499859
218.85445437030657,231.03923960698586,-12.18478523667929,-5.567529009970418
305.64424791929616,280.7064377355299,24.93781018376626,8.159096843317975
224.41900836364889,235.62937231902157,-11.210363955372685,-4.995282724539712
242.4673129320103,247.4453821200307,-4.978069188020413,-2.053088776307057
177.8493873969313,173.56300643845267,4.286380958478617,2.4101184835189238
223.11826790840627,232.45862686761382,-9.340358959207549,-4.186281583649583
315.91841580002995,300.18252538876123,15.735890411268713,4.9809981388451945
196.868992162589,204.09192041818963,-7.222928255600635,-3.6689009154043952
296.2183996409467,280.52466324824803,15.693736392698668,5.298028890751357
248.61157236487855,255.8444898368659,-7.232917471987349,-2.9093245351313928
295.179710995489,286.11660565087385,9.063105344615167,3.07036866255136
147.66369065993786,164.91938872249995,-17.25569806256209,-11.685809819220289
301.57251320068775,273.1924749384111,28.380038262276628,9.410684667866445
224.0372573601069,231.61101387024814,-7.573756510141237,-3.380579015912313
130.3831875612018,151.23065706882778,-20.847469507625988,-15.989384749349068
242.29406716261116,238.10828402473553,4.185783137875632,1.7275631990883298
263.64920547527413,251.86994710424347,11.779258371030664,4.467776927222852
255.6548101943575,247.25867212251006,8.396138071847446,3.2841698012505285
164.52876971102415,190.28720705562128,-25.758437344597127,-15.655886438486629
227.30724169831404,222.21091034052327,5.096331357790774,2.242045312641077
215.93888193468447,230.44389825793186,-14.50501632324739,-6.717185989522144
122.5202592738127,143.44097424909643,-20.92071497528373,-17.075310727615552
194.82412120441563,212.93946251151024,-18.11534130709461,-9.29830515600654
321.3875707110014,294.027477732189,27.36009297881236,8.513114840839673
317.13772263259983,292.64172853824226,24.49599409435757,7.724087154001507
222.42073134955152,219.35822115339556,3.062510196155955,1.3768996161346945
141.5630900803472,145.84932627000998,-4.286236189662787,-3.0277921930285934
164.04763222198855,173.72601698542687,-9.678384763438316,-5.899740601157576
256.77073966328004,271.00354941583237,-14.232809752552328,-5.543002980486299
236.2987405325347,234.22612701685873,2.0726135156759824,0.8771157692186748
239.9814528339905,226.47457447153255,13.50687836245794,5.628300938656895
219.13169678991147,225.53964393894748,-6.407947149036005,-2.924244754595912
155.13556379686986,147.32893058889786,7.8066332079719984,5.032136421145691
203.01807852437452,205.451148102798,-2.4330695784234706,-1.1984497125123534
316.56811580347386,311.71799951977323,4.850116283700629,1.5320924760191552
211.88523546637364,223.09643791873106,-11.211202452357412,-5.291167375433593
116.91756191546696,127.61698979060434,-10.699427875137374,-9.151258117128041
249.1024426363917,244.77916462146607,4.32327801492562,1.735542200698608
245.37314195618524,237.6641897118657,7.7089522443195335,3.1417261819535547
329.7904675385309,309.05772741722353,20.73274012130736,6.28664020402138
168.63439754997304,181.32695732520435,-12.692559775231302,-7.526673062931893
155.9376556748076,155.4429198240659,0.4947358507416766,0.31726515869483046
316.7636567891667,289.53201223084625,27.231644558320454,8.596833624902064
164.68315554925354,173.54388201627765,-8.860726467024108,-5.380469203101975
157.0307033041801,156.88331766561978,0.1473856385603085,0.09385784783426182
109.554061557346,125.62124501986709,-16.067183462521086,-14.665986120570008
310.87713775317496,261.55446635194517,49.3226714012298,15.865647682458459
150.8481250783729,183.44612560951362,-32.59800053114071,-21.60981484801649
205.83523916228097,212.17309585156417,-6.3378566892832,-3.0790921491758847
277.01169333437844,282.5103094920763,-5.498616157697882,-1.984976190539563
279.81500604841204,263.85696962692566,15.958036421486383,5.703066696403485
212.0831487734329,203.63173291724095,8.451415856191943,3.984953969737849
209.2863414235582,200.30953452955404,8.97680689400417,4.289246413762241
176.6679187867737,160.61216710212167,16.055751684652023,9.088096919299895
229.60484561737184,257.4456386440812,-27.840793026709378,-12.125525030558393
180.06857276760155,182.61530027677884,-2.5467275091772876,-1.4143098209947615
138.53189568179783,163.61949002546243,-25.08759434366459,-18.10961599867931
171.0232609703528,192.42375025784403,-21.40048928749124,-12.513203856638574
241.82180285479407,240.8147789631031,1.0070238916909773,0.41643221570705996
308.1934197535166,296.0726182073072,12.120801546209407,3.9328553983739316
179.9342441542582,200.25930641160485,-20.325062257346644,-11.295827735782135
235.72245533933747,231.4749093178102,4.247546021527285,1.8019267682464413
252.83807692138492,248.9564985678224,3.8815783535625314,1.5352032418635397
291.8941735994594,298.89758250516564,-7.003408905706237,-2.3992972587785864
212.8871219576066,214.02390540853324,-1.1367834509266288,-0.5339841322825543
208.0514342892204,216.90223070663225,-8.850796417411857,-4.254138620889305
201.3840412776714,193.003038290335,8.381002987336387,4.161701659259351
254.24435303365215,246.70437435255752,7.539978681094624,2.9656425368458907
210.83265340618468,228.47307608548414,-17.640422679299462,-8.367025882520144
214.49392507801724,216.2813129807047,-1.7873879026874704,-0.8333046737978005
180.94358914579303,199.48552559925758,-18.541936453464558,-10.24735750020114
223.4951869836632,242.8511061268988,-19.35591914323561,-8.660553009873304
283.3157401172255,283.8341864322807,-0.5184463150552006,-0.18299241504926156
172.1458935615749,164.949726659722,7.196166901852905,4.180272182489736
198.6714103696659,190.12344314396435,8.54796722570154,4.3025653312655425
241.92168240202736,240.94449641978971,0.9771859822376427,0.40392658174960416
241.50713308267095,255.8406414026801,-14.333508320009145,-5.935024832207587
218.8172555135268,215.32892221375243,3.4883332997743537,1.59417651573585
287.0996918771398,276.65318386248026,10.446508014659514,3.6386343525335265
222.09390026059805,217.75542392621372,4.338476334384325,1.9534423634749503
198.13900553658783,183.84318690929013,14.295818627297706,7.215045108651198
175.7630230673828,174.2641812450888,1.498841822293997,0.8527628827363657
203.83910898692383,209.0350824719661,-5.195973485042259,-2.549056219322259
262.82146544337525,247.0309708694192,15.790494573956039,6.008068841453931
142.49147831687932,162.61029119850784,-20.118812881628514,-14.11930953294438
221.30104524505225,240.6206018199847,-19.31955657493245,-8.729988850047867
182.9548754584737,184.07695512645026,-1.12207966797655,-0.6133095197188306
313.3435736566602,270.6691383633938,42.67443529326641,13.619055529131755
153.8180553303573,170.05493614790237,-16.236880817545057,-10.555900464788003
206.22133622974175,217.8995892085869,-11.678252978845137,-5.662970278611196
305.2457790170086,270.1401876817053,35.1055913353033,11.500762254061238
308.94726188834943,289.9353725513675,19.011889336981938,6.153765280448626
205.4682132184779,215.8792240618387,-10.411010843360799,-5.066969085038274
206.9945737321524,201.84471322162236,5.149860510530033,2.487920537083194
67.945846542691,118.84639226663695,-50.90054572394595,-74.91340282582935
191.97801105695885,189.70996549570057,2.268045561258276,1.1814090315715164
224.49058218765697,230.80312569968987,-6.312543512032903,-2.81194135206799
205.69103327808065,215.00045134604613,-9.309418067965481,-4.5259231380202
116.4311277540628,128.85767330120277,-12.426545547139966,-10.672872269509002
307.15083290884064,283.8705665358138,23.280266373026848,7.579424790274361
187.78668535167787,181.4091961132757,6.377489238402177,3.3961349423995215
232.18907299246632,235.4186505750981,-3.2295775826317765,-1.3909257403928583
237.17168180436045,221.46875652595787,15.702925278402574,6.6209107086214845
244.8873603511861,264.3451924609016,-19.457832109715525,-7.9456253200702545
189.61193895297612,222.42023619405091,-32.8082972410748,-17.302864694195904
267.468499814263,253.19401928482577,14.274480529437227,5.336882862598696
291.9985368805977,270.7738476111636,21.224689269434123,7.268765623340501
329.339541051131,300.83799644366485,28.501544607466144,8.654152039108231
243.0043158470922,265.1245768939263,-22.120261046834116,-9.102826412660527
235.48431177729188,217.71258017554703,17.771731601744847,7.54688559404007
203.9504633010796,209.90860611383906,-5.958142812759462,-2.921367628355823
192.51005504167685,189.09758478838964,3.4124702532872107,1.7726192289272573
204.9030859711791,200.1626866411315,4.740399330047609,2.313483619624145
266.4086977468196,242.93300355050116,23.475694196318443,8.811909819336481
172.76112942479014,197.12093197617088,-24.35980255138074,-14.10027975186718
127.95189477340014,136.90410057610444,-8.952205802704299,-6.996540237687335
207.7022275510404,217.89369042057007,-10.191462869529659,-4.906766282525894
202.0426245574691,192.930755300946,9.111869256523107,4.509874723950303
262.28668546981726,270.64885957487223,-8.362174105054976,-3.188180936472757
243.64705376104408,242.21358596463688,1.4334677964072,0.5883378330579232
285.4001669757722,281.46316540487186,3.9370015709003496,1.3794671575068014
173.6883907554072,192.49472261457763,-18.806331859170427,-10.827627440946253
198.8177510336966,212.98447052834308,-14.166719494646486,-7.12548020535925
238.10132129580333,239.63977053831502,-1.538449242511689,-0.6461321735381755
217.2808930909852,218.29835148655212,-1.0174583955669334,-0.4682686917808637
348.2460029427554,327.8685906902652,20.377412252490217,5.851441819948139
305.6754397016868,295.3814574671607,10.293982234526084,3.367618361675421
278.3029969715959,253.85267566937054,24.450321302225376,8.785504133367567
309.1552363626485,280.0123338274118,29.142902535236715,9.426624267509156
133.68762769270435,149.33210855095479,-15.644480858250432,-11.702265294295582
243.95091637980636,231.46599479008154,12.48492158972482,5.117800652278382
182.17130989698964,198.434052683587,-16.262742786597357,-8.927170143198326
121.2226063009592,146.21622528861676,-24.993618987657555,-20.61795217107107
150.14240677327254,169.3486213165733,-19.206214543300746,-12.79199858059004
270.36466147808596,263.2676591250877,7.097002352998288,2.6249741050472033
224.07723432958176,219.3585198819904,4.718714447591367,2.105842863381156
182.84952113509144,167.54723520150756,15.302285933583875,8.36878644176397
122.12043762656585,142.16469733720757,-20.044259710641725,-16.41351775362565
185.27120247575,172.1973963127458,13.073806163004178,7.056577594521415
177.3863121870244,211.23680164900944,-33.850489461985035,-19.082920798474753
189.655290577482,163.4647035881163,26.1905869893657,13.80957362677197
254.6859570846312,255.4212552193412,-0.7352981347099785,-0.28870776509505064
180.1185541741213,190.5190389318034,-10.400484757682108,-5.774243972460449
175.34086185778705,195.63139441795272,-20.290532560165673,-11.572050202777392
236.71278947424068,235.0186234473847,1.6941660268559815,0.7157053197754414
293.9906825246127,284.48785160480844,9.50283091980424,3.232357855085652
239.35398657696285,223.22377237193155,16.130214205031308,6.739062271622008
211.20670530828977,213.60323856937387,-2.3965332610841017,-1.134686163294854
127.6717717690507,136.52893444223918,-8.857162673188483,-6.937447918566112
199.40295094152327,203.88703689431716,-4.48408595279389,-2.2487560648532674
285.75886198667484,283.19579509850735,2.563066888167498,0.8969334740306376
175.48122069639476,157.29375487648008,18.187465819914678,10.364337418977355
280.7375567771954,298.80265886559613,-18.06510208840075,-6.4348718767036726
261.0664626894164,256.1384170217391,4.928045667677338,1.8876594170351548
186.16394179892876,199.30241831044327,-13.138476511514511,-7.057476536302108
277.53776854013677,273.87389734933726,3.6638711907995116,1.3201342685976276
264.95534423229986,265.044046864929,-0.08870263262912204,-0.03347833307010102
176.5012359864101,170.3997324951533,6.101503491256807,3.456918280009438
196.44443860355375,204.9354945762078,-8.491055972654038,-4.322370250343362
257.25995961039496,261.9930263175147,-4.733066707119747,-1.8397992109956394
247.19304169475288,218.00246081183548,29.190580882917402,11.80881981255908
334.03899213719063,245.44001024614275,88.59898189104788,26.52354484851878
245.98786050804873,234.54190117435115,11.445959333697573,4.653058614379494
249.77275771908032,242.40715513794714,7.3656025811331745,2.9489215110549707
177.90298305132907,200.08919736641678,-22.18621431508771,-12.470962506956097
222.13555745433584,224.93577891539042,-2.8002214610545764,-1.2605912773015706
234.1351149299756,242.99672897168722,-8.861614041711618,-3.784829133537668
293.53629403109966,291.7895873234952,1.74670670760446,0.595056469377991
247.23752385538444,271.34074580763166,-24.103221952247225,-9.749014460420586
152.35533369854332,161.06322646752614,-8.707892768982816,-5.715515536996309
162.4827220450131,177.70906948111184,-15.226347436098735,-9.37105634645912
212.99642040447833,186.25723050275917,26.739189901719158,12.553821257156187
146.3711896683483,143.541968396872,2.829221271476314,1.9329085716163392
185.7451392858071,201.9192865504592,-16.174147264652078,-8.707709567443821
278.95573911030215,254.4482116132807,24.507527497021442,8.785453769542594
270.40556769914787,264.06176265006866,6.343805049079208,2.346033442675744
205.0549566505317,218.34169745113445,-13.286740800602757,-6.479599916839321
235.7757449636663,246.58425613793807,-10.808511174271757,-4.584233707304107
199.8462621022469,216.67640970877957,-16.830147606532677,-8.421547358199726
237.8737061355353,245.52752326850805,-7.653817132972762,-3.2175969581992314
231.1134351947014,224.90264712784207,6.2107880668593225,2.687333197062753
228.3615954136899,225.11443837078386,3.2471570429060534,1.4219365725763324
155.5153573871221,171.27243142433474,-15.757074037212647,-10.132165917214717
270.8763061628257,254.3798285955668,16.496477567258893,6.090040801628009
289.8550029585746,297.0404627046165,-7.185459746041943,-2.478984206827326
326.2085749175096,247.64650115272903,78.56207376478059,24.083387073637493
140.99470022697363,170.24008497221493,-29.245384745241296,-20.742187258217506
149.4336946980175,177.54156904221668,-28.10787434419919,-18.809596055963738
198.86634981013188,190.37112873550265,8.495221074629228,4.271824309512424
241.8728099458803,233.1891174727206,8.68369247315971,3.5901896021726083
149.67185336987157,144.9869774072968,4.684875962574779,3.130098182854351
189.2748005045885,175.0312471882572,14.243553316331315,7.5253299849527595
274.3577925120418,268.0707207641776,6.287071747864161,2.2915593868500075
301.1501605976986,309.80641111235326,-8.656250514654687,-2.8743967784956377
288.8950477913458,270.85192577527687,18.043122016068935,6.245562931594647
229.74955480124387,213.54955682008156,16.199997981162312,7.051155330932812
228.77455472680072,243.65059705336208,-14.876042326561361,-6.502489905105975
198.34201582731092,203.94858659790845,-5.6065707705975285,-2.826718659287482
242.75108151216,257.9493419211348,-15.198260408974818,-6.260841481859063
260.1116601675311,251.99427689821562,8.117383269315496,3.120730252572031
276.09010609208354,272.2588049485937,3.8313011434898385,1.3876995440800024
169.97734851629417,171.90765528109245,-1.9303067647982743,-1.135625882888292
188.974890036194,181.2115429754974,7.763347060696617,4.108136831940856
220.6335496185905,211.8481217175539,8.785427901036599,3.981909331660565
287.5318389612832,244.68155129319558,42.85028766808762,14.902797485970765
179.84301251249397,192.31983244603643,-12.476819933542458,-6.937617291456166
204.9911282374184,224.7245809581471,-19.733452720728707,-9.626491102519152
209.67649050923103,209.2305497712298,0.4459407380012408,0.21268037104121992
242.1774335047354,250.5558261732332,-8.37839266849781,-3.459609158148083
184.81769488491577,189.05212456165356,-4.23442967673779,-2.2911386701227547
155.40827487456556,167.28171683278575,-11.873441958220184,-7.640160710749525
165.43112294619797,169.47513479548547,-4.0440118492875,-2.444529044636121
262.87504918136256,259.3164177669884,3.5586314143741333,1.3537349495345086
159.53088173660495,168.05792870718102,-8.527046970576066,-5.345076061608392
238.05657514281833,217.613445741571,20.44312940124732,8.587508825993478
204.57822933112257,235.3071008378829,-30.728871506760328,-15.02059706315267
276.4644834401321,249.76461950666038,26.699863933471704,9.657610844343235
96.2522873005328,122.57305996209641,-26.32077266156361,-27.34560746528661
268.61893516430086,266.39262711394275,2.2263080503581136,0.8287978838857325
259.7465230887249,279.99625809647927,-20.24973500775434,-7.795959987051446
205.05808591116255,191.83358373003887,13.224502181123682,6.4491493336443915
281.9745793195833,288.08384355338376,-6.109264233800445,-2.166601063309452
318.7581800222812,284.6272462389231,34.1309337833581,10.707469148234047
184.35863043720352,175.82432131301047,8.534309124193044,4.629188828293022
147.4308587759515,175.38188358550346,-27.951024809551967,-18.958734312216635
108.73968905904457,141.84765097547063,-33.10796191642606,-30.44698968970637
202.2246355508486,219.266588590834,-17.0419530399854,-8.42723884434954
247.27952183771492,249.15746524655927,-1.8779434088443452,-0.7594415400385663
272.67417828820516,258.8959134241439,13.77826486406127,5.0530141689831085
157.28734292397905,183.36039454436386,-26.073051620384803,-16.57670041065324
174.96538265921816,193.98504250937833,-19.019659850160167,-10.870527392955754
318.24946436924074,302.85607540341533,15.393388965825409,4.836893911615708
253.2414747629711,267.53835816828996,-14.296883405318852,-5.645553682982002
204.06697194776896,220.40816890811732,-16.341196960348356,-8.007761767803803
284.23100650004693,265.0761788984005,19.154827601646446,6.739175939146978
